1,Our National Game?,Football,Cricket,Ha du du,Kabadi,D,openingwrong.wav,
2,Our National Flower?,Rose,Shapla,Jaba,Dolonchapa,B,openingwrong.wav,
3,Which one is Correct?,Rose,Shapla,Jaba,Dolonchapa,B,Penguins.jpg,
4,Our National Flower?,Rose,Shapla,Jaba,Dolonchapa,B,Penguins.jpg,
5,Which one is Correct?,Rose,Shapla,Jaba,Dolonchapa,B,Penguins.jpg,
6,Our National Flower?,Rose,Shapla,Jaba,Dolonchapa,B,none,
7,Which one is Correct?,Rose,Shapla,Jaba,Dolonchapa,B,test1.mp4,
8,Our National Flower?,Rose,Shapla,Jaba,Dolonchapa,B,none,
9,Which one is Correct?,Rose,Shapla,Jaba,Dolonchapa,B,test1.mp4,
10,Our National Flower?,Rose,Shapla,Jaba,Dolonchapa,B,none,
